trn,first_name,last_name,extension_length,extension_length_unit
2600018,Automated Test,Name Updated301120201532,,
2600145,Audrey,Coady,,
2600071,Automated,Test02122020130943,,
2632412,George,Orwell,,
2908239,Neils,Clarke-Dolan,,
2908385,Mike,Yeadon,,
2632406,Simon,Dolan,,
2600147,Carolann,Mciver,,
2600148,Lara,Sims,,
2600150,Becki,Brown,,
2600151,Philip,Hack,,
2600152,Seth,Storey,,
2600154,Richard,Seviour,,
2600155,London,Hughes,,
2600157,Bob,Southcombe,,
2600158,Bob,Hunter,,
2600161,London,Boyle,,
2600171,Meredith,Bevan,2,Terms
2600174,Ryan,Hocking,,
2610529,GTCWALESFOUR,GTCWALESFOUR,,
2610530,GTCWALESFIVE,GTCWALESFIVE,,
2610533,GTCWALESEIGHT,GTCWALESEIGHT,,
2610535,GTCWALESTEN,GTCWALESTEN,,
2610536,GTCWALESELEVEN,GTCWALESELEVEN,,
2610537,GTCWALESTWELVE,GTCWALESTWELVE,,
2600049,Automated Test,Name Updated011220200942,,
2600066,Automated Test,Name Updated011220202008,,
2600078,Michael,Ikeme,,
2600121,DMSFIFTYTHREE,DMSFIFTYTHREE,,
2600122,DMSFIFTYFOUR,DMSFIFTYFOUR,,
2600123,DMSFIFTYFIVE,DMSFIFTYFIVE,,
2600124,DMSFIFTYSIX,DMSFIFTYSIX,,
2600125,DMSFIFTYSEVEN,DMSFIFTYSEVEN,,
2600126,DMSFIFTYEIGHT,DMSFIFTYEIGHT,,
2600127,DMSFIFTYNINE,DMSFIFTYNINE,,
2600128,DMSSIXTY,DMSSIXTY,,
2600129,DMSSIXTYONE,DMSSIXTYONE,,
1000828,TEST,RECORD,,
1000867,Abigail,ABPORTEIGHT,,
1000855,ABPORTFIVE,ABPORTFIVE,,
1000854,ABPORTFOUR,ABPORTFOUR,,
1000866,ABPORTSEVEN,ABPORTSEVEN,,
1000865,RICK,GRIMES,,
1000853,ABPORTTHREE,ABPORTTHREE,,
1000852,ABPORTTWO,ABPORTTWO,1,Terms
1000335,Alan,Davis,,
1000804,Testy,McTester,,
1000525,ANNE,BOLYN,,
1000497,ARTHUR,MANNERING,,
1000522,AUGUSTUS,GLOOP,1,Terms
1000517,BRUCE,BANNER,,
1000818,Claire,STANLEY,,
1000468,CARRIE,MATHIESON,,
1000524,CATHERINE,PARR,,
1000477,CHANDLER,BING,,
1000486,CHARLOTTE,BRONTE,,
1000863,COLIN,HILL,1,Terms
1000471,DAR,ADAL,,
1000498,DAVID,PIKE,,
1000338,DAVID,SMITH,,
1000515,DAWN,ATWOOD,,
1000501,ELAINE,RUSTY,,
1000500,ELIZABETH,SALT,,
1000521,FIONA,NEMO,,
1000482,FRANCINE,SMITH,,
1000862,GEOFF,HURST,,
1000858,GEORGE,BEST,,
1000861,GORDON,BANKS,,
1000518,HENRY,JEKYLL,,
1111112,Hulkster,Smith,,
1000839,ITTPROVEIGHTT,ITTPROVEIGHTT,,
1000836,ITTPROVFIFT,ITTPROVFIFT,,
1000825,ITTPROVFIVE,ITTPROVFIVE,,
1000835,ITTPROVFOURT,ITTPROVFOURT,,
1000830,NEVILLE,SOUTHALL,,
1000834,ITTPROVTHIR,ITTPROVTHIR,,
1000833,ITTPROVTWE,ITTPROVTWE,,
1000841,ITTPROVTWENT,ITTPROVTWENT,,
1000849,ITTPROVTWENTEIGHT,ITTPROVTWENTEIGHT,,
1000846,ITTPROVTWENTFIVE,ITTPROVTWENTFIVE,,
1000845,ITTPROVTWENTFOUR,ITTPROVTWENTFOUR,,
1000850,ITTPROVTWENTNINE,ITTPROVTWENTNINE,,
1000848,ITTPROVTWENTSEVEN,ITTPROVTWENTSEVEN,,
1000844,ITTPROVTWENTTHREE,ITTPROVTWENTTHREE,,
1000843,ITTPROVTWENTTWO,ITTPROVTWENTTWO,,
1000822,Michael,McMuffin,,
1000474,JACK,BAUER,,
1000868,JACK,CHARLTON,,
1000506,JAMES,KIRK,,
1000467,JAMES,RORY,,
1000499,JANE,AYRE,,
1000523,JANE,SEYMOUR,1,Terms
1000508,JENNIFER,TILLY,,
1000869,JIMMY,GREAVES,,
1000514,JOEY,TRIBIANI,,
1000851,JOHAN,CRUYFF,,
1000478,KIM,BAUER,,
1000473,LUKE,CAGE,,
1000505,MARISSA,COOPER,3,Weeks
1000512,MARTHA,RIDGE,,
1000526,MATT,MURPHY,,
1000509,MATTHEW,SARU,,
1000507,MICHAEL,BURNHAM,,
1000513,MONA,GELLER,,
1000479,MONICA,GELLER,,
1000516,NATASHA,ROMANOV,,
1000340,NELSON,MANDELA - TEST,20,Days
1000487,NICHOLAS,BRODY,2,Terms
1000859,NOBBY,STILES,,
1000511,OLIVER,TWIST,,
1000476,RACHEL,GREEN,,
1000510,SALLY,BRODERICK,,
1000470,SAUL,BARENSON,,
1000503,SETH,COHEN,1,Terms
1000519,STEVEN,RODGERS,,
1000504,SUMMER,ROBERTS,1,Terms
1000475,TERRI,BAUER,,
1000864,VLAD,IMPALOR,,
1001102,Adriana,Allatt,,
2600037,HESATWENTYFIVE,HESATWENTYFIVE,,
2570408,HESATHIRTYTHREE,HESATHIRTYTHREE,,
2600020,HESATHIRTYFOUR,HESATHIRTYFOUR,,
2600022,HESATHIRTYFIVE,HESATHIRTYFIVE,,
2600026,HESAFORTYONE,HESAFORTYONE,,
1294410,HESAFORTYFIVE,HESAFORTYFIVE,,
1294411,HESAFORTYSIX,HESAFORTYSIX,,
1294412,HESAFORTYSEVEN,HESAFORTYSEVEN,,
1294413,HESAFORTYEIGHT,HESAFORTYEIGHT,,
1294414,HESAFORTYNINE,HESAFORTYNINE,,
2600072,HESAFIFTYONE,HESAFIFTYONE,,
2920892,Leonila,Hansen,,
3002065,Jim,Laney,,
2920890,Charles,Walker,,
3001836,Graham,Pengelly,,
2600034,HESATWENTYTWO,HESATWENTYTWO,,
2600001,Test,222,,
2600041,ETS,Test Person,,
2632410,TestaSAA,TestSAA,,
2600010,Automated Test,Name Updated301120201359,,
2600050,stuart,test2,,
2600051,stuart,testing,,
2600055,stuart change,test7,,
2600056,stuart,test8,1,Terms
2600005,Automated,Test30112020113117,,
2600062,stuart,test9,,
2600106,David,Green,,
2600107,Morag,Evans,,
2600108,Bilbo,Baggins,,
2600109,Karen,Carter,2,Months
2600136,Dmstwentytwo,Dmstwentytwo,,
2600137,Dmstwentythree,Dmstwentythree,,
0105612,Lorraine,Jones,,
0135841,Jonathan,Dakin,,
0136370,Michelle,Thompson,,
0205845,Kim,Watson,,
2600013,Automated Test,Name Updated301120201439,,
2600014,Automated Test,Name Updated301120201454,,
2600077,Apollo,Creed,4,Years
2908309,Nested,Null,,
2908310,Mostly,Populated,,
2908343,Simon,Lebon,,
2908350,Paul,Pogba,,
2908351,Marcus,Rashford,,
2908352,Bruno,Fernandes,,
2908353,Ryan,Giggs,,
2908354,Rio,Ferdinand,,
2908355,Phil,Jones,,
2908357,Dean,Hendo,,
2908358,Luke,Shaw,,
2908359,Patrice,Evra,,
2908360,Carlos,Tevez,,
2908361,Dan,James,,
2908362,David,Hendo,,
2908363,Tom,Jerry,,
2645637,ROBERT,HOPKINS,,
2645638,NOEL,BLAKE,,
,Jimmy,Bixley,,
2770504,Automated,TestAlert15012021145826,,
2635228,Teacher,Teacher,,
2635229,Jessica,Aron,,
2635255,Andrew,Cole,,
2635289,Contactone,Contactone,,
2635290,Contacttwo,Contacttwo,,
2635295,Contactseven,Contactseven,,
2635296,Contacteight,Contacteight,,
2635297,Contactnine,Contactnine,,
2635298,Contactten,Contactten,,
2635299,Contacteleven,Contacteleven,,
2920911,Andy,Chambers,,
2908306,Tim,Kelly,,
2908342,Elton,John,,
2645640,Radom,ITTtest,,
2635270,Dmssix,Dmssix,,
2920920,Harry,Palmer,,
2920898,Max,Malins,,
2920922,Jason,Bourne,,
2920897,John,Jones,,
2920919,George,Ford,,
2921032,PAUL,FURLONG,,
2921040,RICK,MALE,,
2921041,DAVE,MACKAY,,
2899938,test,scoteuexit,,
2899928,Nathan,Hoole-Jackson,,
2899932,ETS,Test Person05022021122138,,
2899939,ETS,Test Person05022021123134,,
2908301,Jill,Gibraltar,,
2908293,Ottis,Ottawa,,
2908294,Charlie,Canada,,
2908296,Jane,Gibraltar,,
,Adam,Australia,,
9002001,LoadTest2001,Test2001,,
2635256,Elen,Madrid,,
2635263,TEST,FILE,,
2921037,HESATHIRTY,HESATHIRTY,,
2921081,Tony,Richards,,
2921082,Peter,Buggins,,
2920882,Bob,Test,,
2920923,Elvis&*(joij,Presley,,
2908248,Simon,Jones,,
2908249,TEST,RECORD,,
2908268,Anna,Moore,3,Months
3001873,Neil,Clarke,,
3001825,Tim,Jones,,
3001834,alan,south,,
3000036,Robbie,Fowler,,
3000037,Michael,Owen,,
3000038,Les,Ferdinand,,
3000039,Emile,Heskey,,
2646904,Tim,Krakow,,
2854864,David,Smith,,
2635231,Dmsfortytwo,Dmsfortytwo,,
2635232,Dmsfortythree,Dmsfortythree,,
2635233,Dmsfortyfour,Dmsfortyfour,,
2635258,tester,testing,,
2908417,Charlie,,24,Terms
2908409,Estelle,Alan,,
2908287,Sarah,Jones,,
,TEST,RECORD,,
2921022,Freddie,Flintoff,,
2908403,JOE,ATTWOOD,,
2908404,ECF,TESTER,,
2908405,Import,Test,1,
2908406,Import,Test 2,2,
2920924,tester,testing,,
2918111,Leslie,Knope,,
2918112,Ron,Swanson,,
2918113,Jane,Doyle,,
2918115,Ben,Wyatt,,
2908370,Dom,Toretto,,
2908371,Lebron,James,,
2908372,Carmelo,Anthony,,
2908373,Dwayne,Wade,,
2908375,Damian,Bucks-Lillard,1,Terms
2908376,Venus,Williams,,
2908377,Serena,Williams,,
2908378,Rodger,Federer,,
2908379,Rafael,Nadal,,
2908380,Lewis,Hamilton,,
2908381,Ben,Simmons,,
2908382,Natasha,Romanov,,
2908383,Yelena,Belova,,
2908384,Melina,Vostokoff,,
2908364,Jerry,Tom,,
2908365,Phil,Mitchell,,
2908366,Peggy,Carter,,
2908367,Steve,Rogers,,
2908368,Jon,Doe,,
3001465,Simon,Hammond,,
2920881,Ron,Osborne,,
3001547,Jon,Jones,,
3001551,Mcjimmy,Test1,,
3001552,Mcjimmy,Test2,,
3001554,McJimmy,Test4,,
3001530,Sabine,Mathers,,
3001534,Louise,Johnson,1,Terms
2921092,Wallace,Washington,,
2921093,Mick,Madrid,,
3000006,Fred,Smith,,
2921084,Aldous,Huxley,,
3001469,SQL,Test,,
3001798,David,Spiller,,
3001800,Jo,Klemm,,
3001675,Idtestfour,Idtestfour,,
2921264,Polly,Paris,,
2921091,Polly,Paris,,
3001361,ALEXANDER,WALKER,,
3001353,CHLOE,PAYTON,,
2908399,Dennis,Berkamp,,
2908400,Mason,Greeenwood,,
2908392,Sue,Storm,,
2908398,Glenn,Jones,,
2908401,ANOTHER,TESTECT,,
2908247,Bob,Test,,
2908335,William,Wellington,,
2908336,Gerald,Gibraltar,,
2908337,Wallace,Washington,,
2908325,Test,Userfourteen,,
2908324,Test,Userfifteen,,
2921018,Bob,Test,,
3001879,Qtlssix,Qtlssix,,
3001880,Qtlsdqt,Qtlsdqt,,
3001883,Qtlsseven,Qtlsseven,,
3001885,Qtlsnine,Qtlsnine,,
3001886,Qtlsten,Qtlsten,,
3001915,Qtlstest,One,,
3001921,importtest,importtest,,
3001924,Tejas,Jinaral,,
3001925,gtcwalestest,gtcwalestest,,
2908299,Richard,Delingpole,,
2908245,EEA,EEATEST,,
2908323,Test,Usersixteen,,
2908327,Olivia,Ottawa,,
2908330,Test,Usernighteen,,
2908331,Test,Userseventeen,,
2908322,Professor,Challenger,,
2908332,Test,Userseighteen,,
2921024,Russell,Brand,,
2635261,Paul,Jacobs,,
2635262,Jason,Alan,,
2635287,HESATHIRTYONE,HESATHIRTYONE,,
2635288,HESATHIRTYTWO,HESATHIRTYTWO,,
2920888,Mark,Noble,,
2920889,Alan,Devonshire,,
2920886,Trevor,Brooking,,
2921023,David,Copperfield,,
3001965,John,Bravo,,
3001876,Qtlsthree,Qtlsthree,,
3001877,Qtlsfour,Qtlsfour,,
3001878,Qtlsfive,Qtlsfive,,
3001900,gfhgfs,ghgfhgdfh,,
3001901,gsdgs,fhghsdf,,
2920950,Paul,Scholes,,
2920885,Santa,Claus,,
3001931,Inductionerror,Inductionerror,,
1000890,Adam,Aparicio,,
1002076,Alice,Ambler,,
2460665,Adrienne,Pigott,,
1373464,Adam,Tester,,
1000430,A,Acker,,
1000190,Amanda,Webb,,
1666461,Heather,Heathcote,,
1037945,Baljinder,Clarkson,,
1000199,Sanity,Test,,
3000460,EVE,MOORE,,
3000643,LYDIA,DOUGILL,,
3000783,Leah,Bentley,,
3000756,GEORGIA,CARR,,
3000402,Billy,Belfast,,
3000873,Joshua,Whitehead,,
3001143,CHARLIE,MASON,,
3001483,Liliane,Johnston,,
3000735,SANNA,NAVIS,,
3000931,MARTHA,HUDSON,,
3001104,SAMUEL,OLUKOYA,,
3000669,Owais,Tayyib,,
3000617,Olivia,Magill,,
3001040,HAMZA,MUNIR,,
3000997,Emma,Plant,,
3000193,Chris,Carterr,,
3000910,KIN,FOK,,
3000736,RACHAEL,FOX,,
2921256,Celeste Watsica,Mraz,,
3001038,NIAMH,HILLSDON,,
3001363,RACHEL,HIGGINBOTTOM,,
3000401,John,Doesnt,,
3000502,VICTORIA,KILBRIDE,,
3000551,Nicola,Baugh,,
3000539,EMILY,READ,,
3000649,Temitayo,Johnson,,
3001788,Daisy,Dudley,,
,John,APInine,,
3001053,ELEANOR,BENNETT,,
3000849,KATIE,WILLIAMSON,,
3002551,Nicola,Rushton,,
3001229,ELLIE,MCBRIDE,,
3002570,Louise,West,,
3001896,hjdghdf,srysthy,,
3001264,LOIS,BISHOP,,
3000975,ZOE,GREENWOOD,,
3000973,Fathia,Ghiloufi,,
3000972,Stephanie,Carruthers,,
3001294,MARIA,JABEEN,,
3000581,AMY,SMITH,,
3001743,Angelena,Vand,,
3001131,Meghan,James,,
3000737,LUCY,REID,,
3001107,Brendan,Fitzsimmons,,
3001477,Coty,Schimmel,,
3000912,Charlotte,Barrington,,
3001287,Courtney,Cochrane,,
3001066,MATTHEW,LOCKETT,,
3001754,Danika,Oconnell,,
3002567,Zoe,Ball,,
3001037,GHESO,NASEMI,,
3001288,BENJAMIN,CONIBEAR,,
3001293,DANIEL,BISHOP,,
3000706,SAYED,NAZIR,,
3001272,Charles,Clifton-Brown,,
3001171,LEONIE,O'REGAN,,
3001134,FRAZER,FITCHETT,,
3000516,YOUSOF,FAZELPOOR,,
3001202,SELMAH,AL-AHMADE,,
3001160,KRISTIANA,BRINK,,
3001787,Ella,Park,,
3001786,Theodora,Lugo,,
2921007,Test,APINAME48,,
3000884,Jai,Betteridge,,
3001373,MEGAN,RUSSO,,
3002297,ytrytr,yrtyu,,
3001532,Mike,Brown,,
3001360,MAISIE,PRICE,,
3000921,OLIVIA,JONES,,
3001162,JUSKARUN,GILL,,
3000697,Yasmin,Watson,,
3000897,PHILIPPA,REID,,
3000872,Amy,Davis,,
3000396,John,Scottfour,,
3001377,CLAIRE,HUNTER-BROWN,,
3000741,EMILY,BURROWS,,
3000930,ELLIE,HOLT,,
3001261,LOUIE,GREEN,,
3001063,JORDON,WAN,,
3000945,MIA,PETRI,,
3001133,Mikael,Chauffour,,
3000689,SERENA,LALLOO,,
3001127,AMY,DAVIES,,
3000693,LILIA,IRMOULI,,
2921098,New,APIQTSAPPLYTWO,,
3000822,MATTHEW,JACKSON,,
2921102,Newsssss,APIQTSAPPLYTHREE,,
3000554,Faiza,Khanim,,
3000786,Chris,Oakley,,
3000487,Katherine,Williams,,
3001489,Austyn,Kris,,
3000546,CHRISTOPHER,GRIFFIN,,
3000868,Suaad,Mohamoud,,
3000767,Louise,Gibson,,
3000758,Holly,Aldcroft,,
3000514,Artemis,Christodoulou,,
3000611,Elly,Munday,,
3000443,Tori,Beresford,,
3000794,CHELSEA,COOPER,,
3001893,hgjfgyjd,jdhcgf,,
3000584,Natalie,Hendley,,
3000895,LORRELL,WATSON,,
3000788,SIN,YAN,,
3000920,Lauren,Griffiths,,
2920961,tester7fidus,Hatfield,,
2921272,Anglea,Butkovich,,
3000779,Jennifer,Eaton,,
3001303,KATELYN,OUGHTON,,
3000887,TANYA,FELLAH,,
3001168,SAMUEL,BENNISON,,
3001697,tetrtre,tyhtrye,,
3000448,BETHANY,GEE,,
3001302,AMY,O'NEILL,,
3000012,Name,Test,,
3000883,ISABELLE,CLARKE,,
3001059,Charlotte,Barrow,,
3001423,ABTTHREE,ABTTHREE,,
3001358,TOMOS,WILLIAMS,,
2920996,Test,APINAME35,,
3001113,JOSEPH,SPEAKMAN,,
3000845,Jennifer,Cummings,,
3001077,KENYA,TULLOCH,,
3000984,Charlotte,Walledge,,
3001207,SOPHIE,JONES,,
3001476,Lamont,Wuckert,,
3000508,Dori-Rose,Manderson,,
3000892,Melissa,Hall,,
3000748,BAIYAN,CHEN,,
3001265,ELLA,FRANKLIN,,
3000664,Sarah,Wilkinson,,
3000879,Mckenzie,Bowcock,,
3000791,Phoebe,Ashworth,,
3001330,ELIZABETH,RICKETTS,,
3001190,Hanan,Abonijim,,
3000652,LAUREN,PURVIS,,
3001313,Olivia,Brogan,,
3000506,Rukaiya,Bhatty,,
3000490,ALASDAIR,NORMAN,,
3000520,MARYAM,MOHAMOUD,,
3000957,NIKITA,HUSTWIT,,
3000668,Rahiya,Khanum,,
3001792,Serenity,Maddox,,
3000983,Millie,Allman,,
3000927,NADEEM,BAJWA,,
3001191,GEORGINA,ANSELM,,
3001246,Charlotte,Owen,,
3001892,gffghf,hfghfhgfh,,
3000795,BETSY,SQUIBB,,
3001243,LEIGH-ANN,ARMSTRONG,,
3001029,Holly,May,,
3000992,Lillie,Duvall,,
3001368,Kiera,Parker,,
3001308,MEGAN,PIDGLEY,,
3001122,Simon,Willoughby,,
3001227,Erin,Stott,,
3000461,MEGAN,SMITH,,
3000759,CHAYCE,POYNTON-WILDER,,
3001158,Aimee,Long,,
3001457,ABTTWENTYONE,ABTTWENTYONE,,
3000656,ABBY,LITTLEFAIR,,
3000966,HUGH,BRADLEY,,
3000971,CAITLIN,FOLGER,,
3000030,Internationalczech,Internationalczech,,
3000555,J√ÅN,VOJTEK,,
3001456,ABTTHIRTYSIX,ABTTHIRTYSIX,,
3001507,Jayden,Bergstrom,,
3001488,Assunta,Fritsch,,
3001382,JESSICA,USHER-SMITH,,
3001258,Lewis,Dowle,,
3000858,THOMAS,GRAHAM,,
3001254,CAITLIN,HURST,,
3000464,ALEXANDER,FELTS,,
3000564,Joanna,Donovan,,
3000660,Jessica,Alexis,,
3000832,Conor,Ward,,
3000602,ALICE,LLOYDS,,
3001323,Marine,Cherel,,
3000821,HAYLEY,BEGUM,,
3001151,DEMET,TURSAN,,
3001137,MAIA,CHARLES,,
3000696,Kevin,McKeown,,
3001388,GREGORY,COPPELL,,
3000717,MACY,SMART,,
3001732,Jai,Styles,,
3001278,MARCUS,MALLEY,,
3002572,Paula,Yates,,
3000681,Katie,Brown,,
3000623,SIMON,BRADLEY,,
3000559,KATE,HODGKINSON,,
3000833,Hannah,Cain,,
3001352,MATTHEW,SHARP,,
3000608,PETRA,BORBELY,,
3000755,MEGAN,GORDON,,
3001347,Olivia,Irvine,,
3000575,ABIGAIL,PRICE,,
3000470,Ava,Powell-Wallis,,
3001499,Kory,Ortiz,,
3000946,MALIHA,QUADRI,,
3001481,Justine,Reichel,,
3000742,SARAH,KHURSHID,,
3001332,MAISIE,TAYLOR,,
3001213,Sonya,Hinton,,
3001370,ELEANOR,GILMORE,,
3000462,Freya,Phillips,,
3000802,ALICIA,COSTELLOE,,
3000757,HOLLY,TUTHILL,,
3001435,ABTTWENTYFIVE,ABTTWENTYFIVE,,
3001197,EMILY,BROWN,,
3001157,Mollie,Mcowen,,
3000446,Olivia,Hendrick,,
3001148,SEREN,DAVIES,,
3000630,NOOR,AKBAR,,
3001045,CAMERON,RUNYEARD-HUNT,,
3001354,NATALIE,WINTER,,
3001072,HANNAH,HALLWOOD,,
3001474,Darron,O'Hara,,
3001011,BENJAMIN,TODHUNTER,,
3000768,Thomas,Dillon-McEvoy,,
3001226,MARK,BELASSIE-MCCOURT,,
3000592,KATE,BERRY,,
3001117,Samantha,Keltos,,
3001895,mgjhdjgd,gdtjtjhgj,,
3000893,NOORIA,UMAR,,
,Duptwo,Testtwo,,
3000715,Holly,Flint,,
3000826,ADNA,IBRAHIM,,
3000941,LORENZO,STEFANILE,,
3001277,RUKIA,TARIQ,,
3000472,DANIELLE,GASKELL,,
3001899,gfdfghdgh,khgdhgjg,,
3000601,KELSEY,RIMMINGTON,,
3000839,BRADLEY,MAYNARD,,
3001734,Ben,Hurr,,
3001830,Gilly,Giles,,
3001266,KYLE,MILLAR,,
3001020,KEITH,ARCHDALE,,
3001452,ABTTHIRTYFOUR,ABTTHIRTYFOUR,,
3000936,AMAL,MAHAMED,,
3000629,SAM,WATTS,,
3001216,ABIGAIL,PARSLIFFE,,
3001126,Martin,Ellory,,
3001290,PAUL,HUNTER,,
3000998,Jack,Fry,,
3000729,GEORGIA,QUINNEN,,
3001211,TERRI-ANNE,HORWOOD,,
3001156,Jacob,Worrell,,
3000939,MOLLIE,MARTIN,,
3001124,EMMA,JENNINGS,,
2921265,Today,Refreshertest,,
3000909,DAISY,IRELAND,,
3001100,EMILY,CADDEN,,
3001010,FERGAL,OWENS,,
3001369,ISOBEL,KEAT,,
3000635,Benjamin,Newton,,
3001172,MIA,HUDSON,,
3001041,KATIE,BRITT,,
3001331,Tash,Hinch,,
3000496,Luisa,Aironi,,
3000687,CHAD,EDMONT,,
3000603,Jack,Dunn,,
3000541,Georgia,Wilks,,
3001440,ABTTHIRTEEN,ABTTHIRTEEN,,
3000716,CHLOE,BATE,,
3000900,Christopher,Carlin,,
3001013,JADE,GINGER,,
3001309,VALENTINA,WRIGHT,,
3001166,JESSICA,HATTINGH,,
3001543,Mason,Mount,,
3000907,OLIVIA,HURST,,
3000808,KIRSTY,MELSON,,
3001119,NIKITA,SHAH,,
3000840,EMMA,PROUTEAU,,
3000465,ANDREW,CROSS,,
3001083,RORY,ROBERSON,,
3001174,ELLIE,SHAW,,
3001455,ABTTWENTY,ABTTWENTY,,
3002559,Jennifer,Coombs,,
3001791,Adele,Hunter,,
3000482,LAURA,BINGHAM,,
3001034,PATRICK,FINN,,
3001372,NAFISAH,MOHAMED,,
3001889,ytrytr,yrtyu,,
3001751,Robson,Scottie,,
3000865,JOANNE,ROCHESTER,,
3000484,Toni,Simpson,,
3001249,MATTHEW,PORTER,,
3001450,ABTTHIRTYTHREE,ABTTHIRTYTHREE,1,Terms
3001114,Daisy,McAllister,,
3000937,ROBIN,POPLEY,,
3000734,LEAH,CAUNCE,,
3000572,JASMINE,BORLOS,,
3001327,JESSICA,SUTTON,,
3001146,JASPER,STINCHCOMBE,,
3000578,EMILY,BANWELL,,
3001790,Delilah,Frost,,
3001163,Olivia,Palmer,,
3001201,SAMANTHA,MATTINGLEY,,
3001058,NOREEN,NAHURIIRA,,
3001396,OLIVIA,ANDREW,,
3001365,Caitlin,Taylor,,
3000542,LAURA,BUNN,,
,Catharine,West,,
3001335,IAN,WALKER,,
3000951,STACEY,FLYNN,,
3000498,KATIE,CLARKE,,
3000667,Marina,Khan,,
3000967,Emma,Wilson,,
3000776,BLU,CORSBY,,
3001492,Isai,Okuneva,,
3000567,Alia,Murphy-Vaughn,,
3000711,SUFYAN,ZIA,,
3001446,ABTSIXTEEN,ABTSIXTEEN,,
3000916,LAUREN,HUTTON,,
3000573,CHLOE,POTTER,,
3001194,AMELIA,ROYCE,,
3001890,David,Sole,,
3000807,Katy,Varghese Muthalaly,,
3000853,ELIZABETH,TIDLEY,,
3000538,Adam,Butterworth,,
3001385,MELANIA,GOMARIZ MARTINEZ,,
3000809,EMIL,ROUSSEAU,,
3000511,Grete,Westheim,,
3001283,AMMAAR,PATEL,,
3001376,Summer,Capon,,
3000950,LUCY,FABER,,
3001061,AYUB,WILLIAMS,,
3000671,Rebecca,Waugh,,
3000494,Olivia,Parsons,,
3001393,EMILY,BARBER,,
3001065,CHARLOTTE,HADEN,,
3000644,Inaya,Yasmin,,
2921108,Randoms,APIQTSAPPLYEight,,
3001375,ZARA,BERWICK,,
3000989,JADE,HIBBERT,,
3000556,Daniel,Dickson,,
3001451,ABTEIGHTEEN,ABTEIGHTEEN,,
3000658,Megan,Crossley,,
3000991,Jessica,Goddard,,
3001500,Otis,Kirlin,,
3001219,BENJAMIN,EVANS,,
3001009,Sophie,Greensmith,,
3001121,Thomas,Pearson,,
3001320,Victoria,Fleet,,
3000631,Fazeelat,Waris,,
3001233,ELLIOTT,BAXBY,,
3000458,ANGELA,HOUSDEN,,
3000994,ELLE,O'DOHERTY,,
3000194,Chris,Carterr,,
3001383,GREGORY,LOUND,,
3000666,Victoria,Moden,,
3001341,KATY,HOLMES,,
3000411,twoduprterr,twotestddrg,,
3000655,CHLOE,WHEELER,,
3001224,CAITLIN,SAVAGE,,
3001087,HOLLY,MAINSTONE,,
3001502,Stanley,Breitenberg,,
3002574,Theodora,Lugo,,
,Catharine,West,,
3000996,KATIE,COPELAND,,
3002568,Ziggy,Stardust,,
3001271,JADE,BALDWIN,,
3000739,Sophie,Pass,,
3001165,MOLLY,TERRY,,
3000483,Anna,Clingen,,
3000497,JONATHAN,COOPER,,
3001493,Magdalen,Wintheiser,,
3001018,HAFSAH,ARSHAD-KHOKHAR,,
3000810,Musamad,Begum,,
3001391,LUCY,FROGGATT,,
3000673,THOMAS,MORGANS,,
3000818,MINGYUAN,XIA,,
3000995,JULIA,FALGOWSKA,,
3001014,Hannah,Clewes,,
3000577,CAITLIN,BREWERTON,,
3001399,ANNA,CAIN,,
3001367,HANNAH,WHITE,,
3000672,SAHIRA,MARIAM,,
3001470,Zola,Bechtelar,,
3001458,ABTTHIRTYSEVEN,ABTTHIRTYSEVEN,1,Terms
3000926,ANIQA,LIZA,,
3001092,PETER,HARTLEY,,
3000813,Teigan,Shepherd Faulkner,,
3000600,DANIELLE,CORDINER,,
3000724,LUCY,DAVIES,,
3001453,ABTNINETEEN,ABTNINETEEN,,
3001473,Reynold,Bashirian,,
3001730,Anderson,Tillman,,
3001118,AMITA,THAPAR,,
3000531,LUKE,SKINNER,,
3001231,Arun,Squires,,
3001242,WILLOW,RYMELL,,
3001181,Connor,Jephcott,,
3000557,Rosemary,Coxhead,,
3000943,ALFIE,ELLIOTT,,
3001384,CELESTINE,EASTWOOD,,
3001019,MATT,RUSSELL,,
3001381,DAISY-MAE,HEWETT,,
3000881,Hannah,Price,,
3000618,Laura,Jerram,,
3001043,MURAD,ZAMAN,,
3000740,MANDEEP,MINHAS,,
3001182,AMARIS,MILLARD,,
2921099,New,APIQTSAPPLYTWO,,
3000874,Sumayah,Mojumder,,
3000841,SAAR-RAH,PARKAR,,
3001708,tyrty,fhdthdt,,
3001324,MARYAM,SHAHID,,
3000782,Felicity,Kirwan,,
3000851,Amy,Woolley,,
3000412,rtrgrt,fgrtgrt,,
3001241,KAYA,KRUYER,,
3000585,CHARLOTTE,TURNER,,
3000733,OLIVIA,STEWART,,
3001503,Marlene,Bogisich,,
3001192,KATHERINE,LEE,,
3001282,YVONNE,HELMORE,,
3001497,Oren,Gulgowski,,
3000398,John,OTTtwo,,
3000861,Sarah,Abdillahi,,
3001167,BETHAN,THOMSON,,
,Test,Test,,
3001745,Zoe,Ball,,
3001209,LILY,WEBB,,
3001099,KAYLEIGH,MILLERCHIP,,
3001096,KARA,BOYES,,
,Duptwo,Testtwo,,
,Newss,APIQTSAPPLYTHREE,,
3001582,Carleton,Monahan,,
3001515,Alsion,Alison,,
3001546,Paulie,Maldini,,
3000949,DHARAL,JHALA,,
3000915,Clare,Godley,,
3001296,MEGAN,FISHER,,
3000610,HANNAH,ADDERLEY,,
3001479,Vernon,Thiel,,
3000580,ISOBEL,WESTWOOD,,
3001222,MEGAN,GARBUTT,,
3001402,Laste,Middlee,,
3000491,TIA,MCKNIGHT,,
3001314,LEAH,MCLAUGHLIN,,
3000587,EVA,BASKETFIELD,,
3001545,Paul,Hibbert,,
3001356,EMMA,HEADLEY,,
3001291,GEORGE,CULLEN,,
3001437,ABTTWENTYSIX,ABTTWENTYSIX,,
3000766,CHRISTINA,NELMES,,
3000528,Harry,Matheau-Raven,,
3000956,ELEANOR,WHITWORTH,,
3001301,LOUIS,CRAWLEY,,
3000811,WILLIAM,WOOLLEY,,
3000974,SAMUEL,MOTH,,
3001256,JAMES,JACKSON,,
3002556,Ben,Hurr,,
3001004,Hannah,Dymock,,
2920952,Test,APINAME2,,
3000659,Emmeline,Murch,,
3001464,ABTFORTY,ABTFORTY,,
3001170,CLARE,UNWIN,,
3001472,Melissa,Koch,,
3000409,Duptwodddd,Testtwodddd,,
3001827,Jack,Jill,,
3001740,Michael,Crawford,,
3001144,Emma,Hall,,
3001317,Luke,Middleton,,
3000605,Emma,Riley,,
3000938,AMY,EVANS,,
3001196,ALEXANDER,SY-QUIA,,
3001208,HARRISON,WATERS,,
3001132,Tristan,Hawksworth,,
3001304,CHELSEA,NIXON-PHILLIPS,,
3001245,ELIN,HAVARD,,
3001498,Anne,Willms,,
3000513,Isabel,Johnson,,
3001441,ABTTWENTYEIGHT,ABTTWENTYEIGHT,1,Terms
3000299,Terry,Walsh,,
3000932,RYAN,COLLEY,,
2920955,Dqttestthree,Testthree,,
3001173,KELCIE,SPAIN,,
3000471,JIE,YU,,
3002573,Danika,Oconnell,,
3000636,IRMA,AKHTAR,,
3001463,ABTFORTYTWO,ABTFORTYTWO,,
3000478,JESSICA,BURNS,,
3001542,Leon,Dumphreys,,
2921105,Newone,APIQTSAPPLYTWO,,
3001085,JAMES,DAVIES,,
3002565,Angelena,Vand,,
3002558,Julie,Brown,,
3001257,LUCIE,ASTIN,,
3001052,BRANDON,BECK,,
3001898,sdgfgffs,hgjfdrsr,,
3001442,ABTFOURTEEN,ABTFOURTEEN,,
3001325,AMY,BALFOUR,,
3000993,Anais,Galvez,,
3000533,DANIEL,WINTER,,
3000978,Frederica,Cartucho Mathias Vieira Da Silva,,
3000763,ELLA,RAY,,
3001459,ABTTHIRTYEIGHT,ABTTHIRTYEIGHT,,
3001250,Ellen,Holmes,,
3000908,BETH,OLIVER,,
3000987,Mohammed,Hussain,,
3001060,TARA,WILLOUGHBY,,
3001295,Keegan,Brooks,,
2920999,Test,APINAME38,,
3000968,Claire,Philip,,
3001485,Rory,Hickle,,
3001176,ANNIE,COOPER,,
3001142,Tatenda,Mukanganiki,,
3000678,Claire,McCusker,,
3001248,CALLUM,OAKES,,
3000700,SAPHRONE,WARD,,
3000495,CARIN,HUGHES,,
3000958,Lauren,Orchard,,
2920971,fidustest8,Hatfield,,
3001371,FAY,EDMUNDSON,,
3001274,ELYSIA,AINSWORTH,,
3000566,Naomi,Drury,,
3000789,MOHINI,PARMAR,,
3000842,Elizabeth,Young,,
3001080,SYEDA,SULTANA,,
3001036,HANNAH,LEES,,
3001112,STEPHANIE,SMITH-BROWNE,,
3000595,Kayleigh,Baker,,
,John,APInine,,
3001462,ABTFORTYONE,ABTFORTYONE,,
3001501,Tevin,Kovacek,,
3000624,NATASHA,KURTHAUSEN,,
3000628,Joshua,Dodsworth,,
3000999,Madeline,Haselden,,
3000475,STACIE,BARROW,,
3000860,KATIE,ALFORD,,
3000743,JENNIFER,PATTERSON,,
2921094,Test,Test,,
3001750,Paula,Yates,,
3001062,DANIELLE,SATCHWELL,,
3000637,GEMMA,GATES,,
3001387,ISSY,HATTON-HOLLAND,,
3000901,Robert,Chatterley,,
3000848,Laiba,Rais,,
3000852,GABRIELLE,SIMON,,
3001318,Macy,Macdonald,,
3002561,Axis,Battle,,
3000441,Janice,Bottle,,
3000440,Jack,Ryan,,
3001217,GERALD,FITZPATRICK,,
3000653,SANAA,NOOR,,
3000410,twodup,twotest,,
3000770,JOSIAH,BARKER,,
3000780,Lillie,Smith,,
3000889,DAISY,BOWMAN,,
3001386,ELIZABETH,HIGGINS,,
3001490,Myriam,Hickle,,
3001110,CAOL,LIDDY,,
3000486,Callie-Anne,Bickell,,
,Ben,Simmons,,
3000399,John,OTTthree,,
2920995,Test,APINAME34,,
3001215,SEAN,TREACY,,
3001427,ABTSIX,ABTSIX,,
3000977,Olivia,Chapman,,
3000415,bnbxcvn,bbfn,,
3000676,JOSHUA,LYNCH,,
3000876,SOPHIA,CHAUDHRY,,
3002566,Elsie,Hynd,,
3000699,NAJIYAH,RAHMAN,,
3000626,SAM,HANSON,,
3000477,JAMILA,AHMED,,
3000718,KUMARI,MASON,,
3000563,EMMA,GORDON,,
3000545,"Lucy,",Cresswell,,
3001115,Emily,North,,
3001494,Austyn,Kessler,,
2921106,Firsts,APIQTSAPPLYFOUR,,
3000642,OLIVIA,BLACKWELL,,
3000665,HOLLY-JANE,O'NEILL,,
3000492,CHARLOTTE,HALLIDAY,,
3001152,LOUIS,BARNARD,,
3000723,Molly,O'Kane,,
3000530,KARLA,GREEN,,
3001223,MUSHTAQ,JAMA,,
3000820,HUMZA,MEHMOOD,,
3000947,GREGORY,WELLS,,
3000416,bnbgffgxcvn,bbfnvgfgdfb,,
3000707,JESSICA,DOYLE,,
3000525,ELLIE,DAVIES,,
3001155,LUCIA,CRESSIDA DIBBEN VINT,,
3000787,Daniel,Hewitt,,
3000882,Ellie,Owen,,
3000846,GRACE,WALTERS,,
3001392,DANIELLA,BAGON,,
3000771,AMELIA,MCTEAR,,
3000703,JACK,SIMMONDS,,
3001195,GURSIMRAN,REEL,,
3000522,Ubah,Kassim,,
3001480,Rhianna,Schneider,,
3000792,THOMAS,AYLMER,,
2921097,Test,APIQTSAPPLY4,,
3000857,Kay,Power,,
3000940,LEXY,PETERS,,
,John,Doe,,
3001355,ANNABELLA,CHURCHMAN-PULIZZI,,
3001035,EMILY,LYNCH,,
3001149,Eleanor,Payne,,
3000899,Scarlett,Kiggins,,
,Test,APIQTSAPPLY4,,
3000473,FAHMI,SACK,,
3001097,RIAN,COLL BARRETT,,
3000570,"Jaimie,",Morris,,
3001203,FATIMA,KHAN,,
3001236,KATHERINE,HICKMAN,,
3000452,Robyn,Vass,,
3001428,ABTTWENTYTTWO,ABTTWENTYTTWO,1,Terms
3000854,Isabelle,Carroll,,
3001310,Hollie,Spooner,,
3000744,SHANNON,BOWES-CAVANAGH,,
3001738,Paul,Reading,,
3000772,HALIMA,ALI,,
3001125,Kirsten,Gayle,,
3000674,RACHEL,COX,,
3001093,Kirsty,Richardson,,
3001748,Louise,West,,
3000682,NATALIE,HEATH,,
3000591,Eleanor,Nutley,,
3001495,Sydney,Stark,,
3000507,Chloe,Mair,,
3001088,HASSAN,JUNAID,,
2921104,First,APIQTSAPPLYFOUR,,
3000650,MEGAN,REMNANT,,
3001120,MOLLIE,MEE,,
3001443,ABTTWENTYNINE,ABTTWENTYNINE,1,Terms
3000619,CHLOE,LOWERY,,
3001380,SARA,BENAMRI,,
3000754,TULASI,RICHARDSON,,
3000815,JASMINE,BUXTON,,
3001103,DAVID,WILLIAMS,,
3000394,John,Scotttwo,,
3001379,Charlotte,Mowbray,,
3001084,Anisa,Kauser,,
3002550,Samuel,Pepys,,
3001071,ISABELLE,STEVENSON,,
3000582,Katherine,Xidakis,,
3000834,CAITLIN,BORELAND,,
3000961,SHANICE,BARLOW,,
3000712,AYESHA,NOOR,,
3001147,Mujdah,Azizi,,
3001116,Lliwen,Thomas,,
3000568,REBECCA,WILSON,,
3001136,ALIYAH,ODUYE,,
3001101,SEENA,THOMAS,,
3000599,MOLLY,SCAIFE,,
3001430,ABTEIGHT,ABTEIGHT,,
,Duptwo,Testtwo,,
,New,APIQTSAPPLYFOUR,,
3001221,JESSICA,RUDGE,,
3001746,Ziggy,Stardust,,
3001728,Samuel,Pepys,,
3000875,Hafsah,Huma,,
3000620,CHLOE,WORKMAN,,
3001244,Marcus,Cox,,
3000896,JAMIE-LOUISE,FLEMING,,
3000985,Zara,Barbour,,
3000621,Dylan,Himbury,,
3001054,JESSICA,HALL,,
3000913,VICTORIA,MARSHALL,,
3000902,EMILY,BOND,,
3001897,nbmbjm,mbgfsdfgsg,,
3001026,KAELIN,CORRAN,,
3000459,RACHEL,MILBURN,,
3000622,Holly,Miller,,
3002562,Michael,Crawford,,
3000469,SHANNON,MORRISON,,
3001228,WILLIAM,ROGERS,,
3000553,JULIE,SIDGWICK,,
3000552,Waldo,De La Barra Castro,,
3000512,HANNAH,SCULLY,,
3001021,Larni,Mcvey,,
3000397,John,OTTone,,
3001731,Antonio,Cruickshank,,
3002302,evergreen,testtwo,,
3001095,Rebecca,Hodgson,,
3000738,GABRIELLE,ADAMSON,,
3000775,MAHIMA,SHAH,,
3001050,JASMINE,RUGGIERO,,
3001025,HIYAM,MOHAMED,,
3000607,Kimberly,Winterbottom,,
3001183,HAFSA,BARRE,,
3000929,MEGAN,HENSHALL,,
3001094,RUTH,FLETCHER,,
3001000,Lili,Jones,,
3000535,JOSHUA,MARSH,,
3001326,ANA,MARCHIORE,,
3001475,Ardith,Gutkowski,,
3000646,Georgia,Sutton Cross,,
3001067,Samuel,Hart,,
3000812,RUMANAH,SHAH,,
,New,APIQTSAPPLYTWO,,
3001351,LAUREN,MCKENZIE,,
3001002,Sadikha,Khan,,
3001342,ALICE,WAUGH,,
3001292,JAYA,SHARMA,,
3001378,NATASHA,MATTHEWS,,
3000634,MICHAELA,NUGENT,,
3000529,Emily,Middle,,
3000888,Olivia,Woolfe,,
3000690,ELEANOR,EARNSHAW,,
3001109,KEELY,DAVIES,,
3000869,Nathan,Lewis,,
3000594,Cara,Blackburne-Brace,,
3000781,Natasha,Mohammad,,
3001281,ALEXANDRA,BIBBY,,
3000549,BEN,SOUTHCOTT,,
3000466,SAMIE,PAGE,,
3000515,Adrienne,Clarke,,
3000493,Katie,Nicholson,,
3001344,JORJA,ROBINSON,,
3000504,MEGHAN,GROWCOTT,,
3000517,Joshua,Earles,,
3001001,MEGAN,NICHOLLS,,
3000447,MARK,WILLIAMS,,
3000485,AMY,CHAPMAN,,
3001012,Georgina,Bridge,,
3001279,KATHERINE,LISTER,,
3001039,Oliver,Church,,
3000641,MOHAMMED,SHAH,,
2921107,Random,APIQTSAPPLYSEVEN,,
3001681,Idtesteight,Idtesteight,,
3000524,Ioan,Perry,,
,Test,APIQTSAPPLY6,,
3001334,HANNAH,O'BOYLE,,
3000823,Patryk,Jersak,,
2921257,Billie Kuhn,Huels,,
3000550,CHLOE,SPENCER,,
3000828,SHANNON,RAMSAY,,
3000633,IMAAN,WAHEED,,
3000911,CHLOE,SHEA,,
3001315,CLARISSA,KHOGALI,,
3000894,Jessica,Forse,,
3000878,FRANCESCA,MENNONE,,
3000583,Jason,Higham,,
2921258,Jazmin Feil,Lind,,
3001089,SHADI,BROWN,,
3000714,CHRISTOPHER,MCNAMARA,,
3000866,Anneke,Swanepoel,,
3001111,CASSANDRA,HEMMER,,
3001482,Marcella,Terry,,
3000627,Joel,Russell,,
3000451,ASHLEY,GOODEN,,
3000606,Hajra,Yousuf,,
3000523,LOIS,MORGAN,,
3001550,Jason,Bond,,
3001300,MOLLIE,SMITH,,
3001268,Sanna,Anbia,,
3001006,Megan,Wade,,
3001447,ABTTHIRTYONE,ABTTHIRTYONE,,
3000727,ZOE,ACKERS,,
3002575,Ella,Park,,
3001338,SAM,PRINGLE,,
3001285,MEGAN,ALBUTT-JONES,,
3001765,caspian,,,
3000825,PATRICK,RILEY,,
3000751,Rebekah,Dyson,,
3000588,PAIGE,COULTHAM,,
3001789,Drew,Guzman,,
3001154,CLAUDIA,HARDY,,
3000454,PHOEBE,STOCK,,
3001328,NAZIA,CHOUDHURY,,
3001259,Emma,Barrington,,
3001337,ELISA,COLLARD,,
3001237,LUKE,POGORZELEC,,
,Test,APIQTSAPPLY5,,
3000686,Lauren,Bridden,,
,Newss,APIQTSAPPLYTHREE,,
3000898,NATHAN,PHELAN,,
3000769,Aimee,Topham,,
3000480,CHARLES,NORDBERG,,
3000547,Zakira,Gul,,
3000726,Laura,Allen,,
3001460,ABTTHIRTYNINE,ABTTHIRTYNINE,,
3001390,AAMINA,HAFEJI,,
3001838,Simon,Jenkinson,,
3002564,Effie,Abernathy,,
3000597,Gemma,Sparrow,,
3000704,TAHIRA,BEGUM,,
3000614,Eleanor,Fordham,,
3001070,JACK,MURPHY,,
3000467,ANDREW,GOSS,,
3001319,Keira,Wilkinson,,
3001420,Induction,Test,,
3001031,Molly,Gingell,,
,Test,APIQTSAPPLYONE,,
2921042,Test,APINAME50,,
,New,APIQTSAPPLYTHREE,,
3001106,ABBIE,STEPHENSON,,
3001251,LILY,SMALL,,
3001504,Jayne,Bechtelar,,
3000414,bnbn,bbn,,
3000450,Clive,Rushmore,,
,bnbxcvn,bbfnvgb,,
3000645,HAYLEY,HILL,,
3001306,SADIQAH,TARAFDAR,,
3000501,Kinjal,Patel,,
3000612,Ivanova,Downs,,
3000544,"Lisa,",Evans,,
3001056,Marietta,Kefallinos,,
3001055,Megan,Horton,,
2920962,Testuserdemo,Userdemotest,,
3001366,Samaira,Shahzad,,
3001739,Axis,Battle,,
3000730,AMY,VINCENT,,
3001214,KACY,ATKINSON,,
3001102,SHAMIMARA,CHOUDHURY,,
3000499,TESSA,BROADBENT,,
3001321,Aisha,Abid,,
3001487,Chase,Gerhold,,
3002560,Paul,Reading,,
3001747,Liz,Hurley,,
3001541,Kira,Hamilton,,
3000760,KATARINA,KRAUSE,,
3001508,Eusebio,Gulgowski,,
3001345,SARAH,JEFFRIES,,
3001764,ghdhd,hjdghd,,
3000010,Dup,Test,,
3000510,Karen,Patchett,,
3001357,Darja,Suchova,,
3000980,Mandy,Woodward,,
3001429,ABTSEVEN,ABTSEVEN,,
3000701,LOUIS,EDWARDS,,
3000859,AMY,LEWIS,,
3000986,Natasha,Coulson,,
3001153,ALISTAIR,SOUBRA,,
3000640,Toni,Richardson,,
3000862,GEORGIA,SOMERVILLE,,
3000864,NICHOLAS,HESTER,,
3000982,Jenny,Sullivan,,
3000919,ROBERT,YOUNG,,
3000953,NATASHA,JONES,,
3001079,KADIJA,TOUAITI,,
3000824,HANNAH,AIREY,,
3001225,NICHOLAS,BUSH,,
3001433,ABTNINE,ABTNINE,,
3001431,ABTNNONE,ABTNNONE,,
3000593,MELISSA,PENEDA,,
3001105,STEPHANIE,GREEN,,
3001270,HELEN,PILMORE,,
3000981,ANNA,BAINBRIDGE,,
3000799,Taylor,Harrison,,
3001049,DALZIEL,MAPP,,
3002552,Anderson,Tillman,,
3000476,LEAH,DAVISON-PULLAN,,
3001286,JESSICA,ANDERSON,,
3001188,VANESSA,IACOB,,
3000814,RACHAEL,MOORE,,
3001210,SOPHIE,GRIBBIN-GABBITAS,,
3001364,RACHEL,LLOYD,,
3000877,LAURA,FLETCHER,,
3000934,ALAYNA,JONES,,
3000638,Emily,Horobin,,
2921101,New,APIQTSAPPLYTHREE,,
3000598,Katrina,Cody,,
3000935,Alex,Moorhouse,,
3001524,Sleepy,Biden,,
3001548,Fred,Vanfleet,,
3000790,SHANNON,MARMARA-SALTER,,
3000692,Jessica,Moore,,
3001185,AMINA,ALI,,
3002554,Jai,Styles,,
3001069,VICTORIA,WHARTON,,
3000654,SOPHIE,CLARK,,
3000015,Husid,Test,,
3001091,CATHERINE,LAW,,
3001289,NATASHA,BEW,,
3000955,ABIGAIL,GLASSPOOL,,
3000518,Rachel,Morgan,,
3000488,Mohammed,Hussain,,
3000489,Kate,Moore,,
3001186,NOKAMAH,LESCH,,
3000830,Ikra,Wazir,,
3000710,IMOGEN,GUEST,,
3001074,MOUJ,KANBER,,
3000905,Anna,Jinks,,
3000685,EMMA,FOGARTY,,
3001205,MICHAEL,GREENAWAY,,
3000590,ISLAAH,KIDWAI,,
3001894,nnghn,jdhdfggf,,
3001839,Carys,Shipston,,
,New,APIQTSAPPLYTWO,,
3001305,REBECCA,CLAY,,
3001075,FYZA,YASIR,,
3000562,COLIN,BYROM,,
3001343,LUCY,TIERNEY,,
3001346,Sophie-Louise,Mason,,
3001425,ABTFOUR,ABTFOUR,,
2920991,Demotestuser,Testuserdemo1506,,
3001322,Harley,Gidman,,
3000959,FLEUR,STAMFORD,,
3002576,Daisy,Dudley,,
3000918,TOMMY,WALKETT,,
2921271,Clarine,Almon,,
3001204,Michael,Campbell,,
3000708,AMELIA,TREE,,
3001140,SHANNON,EGAN,,
3001506,Heather,Hintz,,
3001108,CHAD,HARRIS,,
3000702,Haleemah,Takey,,
3000765,LYDIA,HOBSON,,
3001030,SAMANTHA,FITZSIMMONS,,
3000679,VICTORIA,TAYLOR,,
3001150,FREDERICK,NOTTER,,
3000722,CAIN,ZAMBRA-ASHWIN,,
3001234,NIAMH,DOYLE,,
3000455,Thomas,Eckett,,
3001374,SHARMILA,BEGUM,,
3001316,SALEEM,HUSSAIN,,
3001068,LIBBY,CREBBIN,,
3001778,Jedediah,Goyette,,
3001741,Tomos,Alston,,
3001439,ABTTWENTYSEVEN,ABTTWENTYSEVEN,,
3000663,Stephanie,Jolin,,
3001206,Philip,Elliott,,
3000856,HOLLY,STEADE,,
3001516,Chris,Chris,,
3000694,Isobel,Rocca,,
3001218,STEPHANIE,BROOKS,,
3001230,BETHANY,BERESFORD,,
,Catharine,West,,
3001349,LEAH,KEMP,,
3000988,Sam,Gilbertson,,
3000721,SAYKA,ISLAM,,
3000886,GURNOOR,KAUR,,
3000749,REBEKAH,CHOI,,
2920994,Test,APINAME33,,
3000964,JOANNA,GRAY,,
3000793,RUI,XU,,
3000731,LISA,JONES,,
3000526,ASHVARYA,SINGH MADHANI,,
3001350,James,Grant,,
3001267,BENN,FOX,,
3001023,SUMMER,EL-AWDEH,,
3000613,MOHAMMED,JALLOW,,
3000574,ANUREET,SANDHU,,
3000728,NIAMH,BURGESS,,
3000855,Joseph,Sawyer,,
3000952,CHRISTOPHER,SPENCER,,
3001253,Olivia,Hall,,
3001022,THALIA,KAZAKEOS,,
2921001,Test,APINAME40,,
3000928,HOLLY,BLOW,,
3000969,Rosena,Finnegan,,
3001307,William,Lowry,,
3000500,LILY,GREEN,,
3001709,ytrytr,yrtyu,,
3000393,John,Scott,,
3001491,Nels,Wiza,,
2921266,Todays,Refreshertests,,
3000014,Catharine,West,,
3001145,BRONWEN,REES,,
3001742,Effie,Abernathy,,
3000425,rrgrert,fgdrtrtgtrgr,,
3000871,MATTHEW,BOYD,,
3000960,SARAH,NAPIER,,
3001220,JOHN,MURRAY,,
3001273,Hayley,Sewell,,
3001164,CASEY,LEVERETT,,
3000843,JADE,FINLAY,,
3000560,JONATHAN,HULL,,
3000684,KATIE,LONSDALE,,
3001882,David,Samson,,
3000457,Bryn,Davies,,
3000904,Emily,Metcalf,,
3001736,Julie,Brown,,
3001177,STEPHEN,TROWBRIDGE,,
2921096,Test,APIQTSAPPLY3,,
3001081,HANNAH,KANE,,
3001169,ELIZABETH,BROOKES,,
3001239,DEMI-LEA,STOCKS,,
3001187,GRACE,EVANS,,
3001362,DAISY,BOWERS-CORCINO,,
3000773,Freya,Thornton,,
3000750,SADIYAH,ISLAM,,
3000719,SAIFA,SIDDICA,,
3000917,HARSHA,SHETTY,,
3000778,CHRISTOPH,MACDOWALL,,
3001238,APRIL,OXER,,
3001434,ABTTEN,ABTTEN,3,Terms
2920954,Dqtone,Testone,,
3000609,Jack,Camm,,
3001299,Alice,Newick,,
,New,APIQTSAPPLYTWO,,
3000720,Georgina,Broadbent,,
3001336,JULIA,WIGHT,,
3000698,JADE,DOLAN,,
2921095,Test,APIQTSAPPLY1,,
3001199,Urooj,Anwar,,
3000965,ELLA,PARKER,,
3000569,REBECCA,MILLER,,
3001033,Zeenat,Patel,,
3000801,Anisah,Khan,,
3001262,GEMMA,NOLAN,,
3001016,Natalie,Gardner,,
3000532,DION,MCCARTNEY,,
3001255,ADIB,BADRI,,
3001269,ALYSSIA,SMEDLEY,,
,Dean,Hendo,,
3001123,NAYAB,BIBI,,
3001189,CHLOE,WOODLAND,,
3000417,uytuty,yttyyt,,
3000922,KATIE,REILLY,,
3000534,JAMES,KERSHAW,,
3000747,MOLLY,COOPER,,
3000829,DARCY,SIMPSON,,
,Test,APIQTSAPPLY7,,
3001028,JESSICA,GUNTER,,
3002563,Tomos,Alston,,
,Catharine,West,,
3000764,FREYA,STOTT,,
3001312,EMILY,GARBETT,,
3001670,tufyjhgf,dyjdyhdr5,,
3001212,OLIVER,ERREY,,
3000505,Zara,Rashid,,
3001397,PAUL,CARRIER,,
3000774,THOMAS,BRAY,,
3000844,Kimberley,Hughes,,
3000576,Jasmine,Howard,,
3001130,Samantha,Fortey,,
3001674,Idtestthree,Idtestthree,,
3001478,Allie,Padberg,,
3001432,ABTTWENTYFOUR,ABTTWENTYFOUR,,
3000837,DAVID,FITTON,,
3001048,FIONA,MORRISON,,
3000944,MILLIE,LYNTON,,
3000923,JAMES,GOULDING-STEWART,,
3000816,TEJAY,MCGRANN,,
3001333,SOPHIE,ATHERTON,,
3001159,ALISON,YEUNG,,
3000474,Sarah,Veti,,
3000836,SHABNA,BEGUM,,
3000561,DOUGLAS,BRYANT,,
3001017,Sarah,Peacock,,
3000804,PARIS,CARBONARI,,
3001311,Victoria,Cook,,
3000890,ASHLEIGH,BROACH,,
3000906,Bethany,Kaur Badachha,,
3001509,Chanelle,Boehm,,
3000819,Amelia,Browne,,
3000395,John,Scotttthree,,
3000632,Annemarie,Berry,,
3001141,Mohamed,Ali,,
3000677,GEORGIA,MILLS,,
3001090,AMAL,MOHAMED,,
3001486,Allan,Wuckert,,
3001829,Dave,Gilbert,,
3001484,Carlos,Klein,,
3001198,LILY,MCDAID,,
3001007,LAUREN,DODD,,
3000444,Theodore,Pellegrini,,
3000954,SARAH,OFFLAND,,
3000784,Bethany,Haywood,,
3000418,fgytgh,nbvn,,
3001418,hghjgh,hjfjfg,,
3000805,Sean,Spacey,,
3000589,Sarah,Perkins,,
3001015,Ellen,Boyle,,
3000565,Siobhan,Mcmanamon,,
3000785,Charlotte,Vasey,,
3000548,Gareth,Baddeley,,
3000625,CHRISTOPHER,DEVLIN,,
3000732,CAMERON,CORRIGAN,,
3000798,Elloise,Travis,,
3000835,LUKE,WARD,,
3000705,MEGAN,BYRNE,,
3000615,JOSHUA,EVANS,,
3000662,ABIGAIL,PETTITT,,
3001793,Promise,McLean,,
3001445,ABTTHIRTY,ABTTHIRTY,,
3000509,Faharzana,Chowdhury,,
3000709,RICHARD,JOHNSON,,
3001076,EMILY,GRIFFIN,,
3001468,Internationals,Testthree,,
3000439,MARIA,FAIRS,,
3001449,ABTSEVENTEEN,ABTSEVENTEEN,,
3000797,LILIANA,NOGUEIRA,,
3001888,TiM,Tam,,
3000413,tgt,vbfg,,
3001184,GINA,QUAYLE,,
3000680,Harriett,Clarke,,
3002569,Liz,Hurley,,
,Firsts,APIQTSAPPLYSIX,,
3000519,Masomeh,Moayedi Jorfi,,
3001298,Baneen,Bokhari,,
3000827,BRYLLE,SIAPNO,,
3000675,GEORGIA,ALEXANDER,,
3000683,Jethro,Maris,,
3001280,Niki,Marinakis,,
3001161,ELEANOR,PALMER,,
3000651,KASEY,OAKHAM-LANE,,
3000481,John,Cornley,,
3000521,Mubine,Aydin,,
3001232,ELLIOT,HITCHCOCK,,
3001395,HOLLY,TINGLE,,
3000870,Rosie,Neal,,
3000456,GRACE,MCDONAGH,,
2921000,Test,APINAME39,,
3001200,CHRISTAL,POKU,,
3000586,CALLUM,FOLLOWS,,
3001275,ABBEY,MORRIS,,
3001098,SALIHAH,BACHOO,,
3000404,Dup,Testone,,
3001057,Aqsah,Rehman,,
3000979,ABBY,CAUSER,,
3001027,SHAKERA,HUGHES,,
3000449,Laura,Myles,,
3000571,Safiyyah,Hussain,,
3000753,Imogen,Saxton,,
3001505,Kaley,Sporer,,
3000796,FLEUR,RICHARDSON,,
3001471,Burdette,Kertzmann,,
,Chris,Carterr,,
3000713,GEORGIA,MCEVOY,,
3001047,JADE,KINNEAR,,
3001444,ABTFIFTEEN,ABTFIFTEEN,,
3000963,YOUSSRA,TELLAL,,
3001359,TAMRA,POORUN,,
3001008,HARRIET,MULCHRONE,,
3000011,Dup,Test,,
3000725,MACEY,BRADSHAW,,
3001737,Jennifer,Coombs,,
3001284,ADAM,WRIGHT,,
3000442,LAUREN,BURTON,,
3000806,LAUREN,FALLOWS,,
3000976,RAVNEET,REEL,,
3000933,LAURIS,LO,,
3001348,ROBERTA,GROSSI,,
3001436,ABTELEVEN,ABTELEVEN,3,Terms
3001744,Elsie,Hynd,,
3000463,AMBER,BROCKBANK,,
3000558,SAMANTHA,O'CONNOR,,
3001398,Holly,Elliott,,
2920963,Test,APINAME3,,
3001247,EMILY,BOWMAN,,
3000803,Madeleine,Bailey,,
3000536,NAINSI,PARKINSON,,
3000661,Jamie,Collier,,
3000647,QASID,NIZAM,,
3000746,SARAH,NOAK,,
3001129,CALLUM,CAREY,,
3000885,Eleanor,Johnson,,
3001139,MUHAMMED,AHMED,,
3001078,LAUREN,ANDREWS,,
3000867,MATTIAS,CHAMBERS,,
3001032,LAURA,QUINN,,
3000596,Isabella,Cashmore,,
3001794,Angel,Robles,,
3001467,International,Testone,,
3001496,Maeve,Russel,,
3000752,JERUSALEM,ABLEL,,
3000948,MAYA,ELLIOTT,,
3001448,ABTTHIRTYTWO,ABTTHIRTYTWO,,
3000527,ROSS,HANSON,,
3000990,Jack,Douglas,,
3000503,SANNA,TANVIR,,
3000850,LISA,ROWLAND,,
3001729,Nicola,Rushton,,
2921100,New,APIQTSAPPLYTWO,,
3000648,MEHMOUNA,FIAZ,,
3000880,DAISY,KNIGHT,,
3001128,LOUISE,WATSON,,
3000817,MEGAN,CRABB,,
3001179,MOSS,GILLAS,,
3000453,CLODAGH,DEMPSEY,,
3001539,John,Mount,,
3001252,MEGAN,HERRICK,,
3000863,ALEXANDER,STAUNTON,,
3001082,AKBAR,DADA,,
3001329,GEORGIA,PULLIN,,
3001422,ABTTWO,ABTTWO,,
3000543,JENNIFER,FREEMAN,,
3000942,Laura,Campbell,,
3000445,Charlotte,Hughes,,
3000762,LUCY,WOOD,,
3000468,Saffron,Jalal,,
3000479,Caprice,Dias,,
2921270,Alishia,Lentz,,
3000691,Daniel,Hudson,,
3001064,CHELSEA,GREENWOOD,,
3001193,JOSHUA,SMITH,,
3000604,HENRY,DAVIES,,
3001417,Daisy,Croxall,,
3000914,Sabah,Arshad,,
3001394,Laura,Deas,,
3000537,Hugue,Ngami Teto,,
3001389,BONNIE,BELDING,,
3000924,ANYA,ROSE,,
3001235,FRANCESCA,ALEXANDER,,
3001180,RYAN,ROCK,,
3001003,KATHRYN,LAVELLE,,
3000847,Lucy,Cowley,,
3000831,TAUSIF,GHAURI,,
3001438,ABTTWELVE,ABTTWELVE,3,Terms
3001339,LOIS,OLDHAM,,
3001044,AMANDA,ANGUS,,
3002553,Antonio,Cruickshank,,
3001240,Tony,Li,,
3001051,ZEINAB,HASSAN,,
3000400,John,Does,,
3001454,ABTTHIRTYFIVE,ABTTHIRTYFIVE,,
2920997,Test,APINAME36,,
3001024,MARYAM,SBAITI,,
3000745,IRAM,SHARIF,,
3001297,Agne,Stankeviciute,,
3001260,MIRREN,HOGG,,
3000695,NATHANIEL,STARK,,
3001135,MASUMA,KABIRI,,
3000903,Tiffany,Johnson,,
3001046,LAUREN,DAVIES,,
3001531,Chris,TestTwo,,
3001042,LARA,GERGIS,,
3001340,Harriet,Fowler,,
3000962,JODIE,WEBSTER,,
3001426,ABTFIVE,ABTFIVE,,
3001138,David,Ryder,,
3000761,SHANTRIANNA,RASA,,
3001263,NAOMI,HADFIELD,,
3001666,trtrdr,tydhfhtrd,,
3000891,NIAMH,BALDWIN,,
3001826,tom,Tom,,
3000616,HEATHER,FENECH,,
3000657,Katie,Darby,,
3000838,ABIGAIL,ANTERKYI,,
3001424,ABTTWENTYTHREE,ABTTWENTYTHREE,1,Terms
3001276,DYLAN,WALLACE,,
3000670,Courtney,Blakey,,
3001795,Chloe,Nolan,,
3000688,OLIVER,O'DONNELL,,
3000777,MARCUS,GULDBERG-ALLEN,,
3000406,John,APIseven,,
3001086,JOAO,AZEVEDO RODRIGUES,,
3001073,CHLOE,DAVIES,,
3000579,MARCUS,WARD,,
3001178,Alex,Woolfall,,
3000540,Jack,Ottaway,,
3000800,ROHAN,RUTAH,,
3001175,JUSTINE,PARKINSON,,
3001005,ABIGAIL,HYSLOP,,
3000925,CRISTINA,MASCIA,,
3000639,AIMEE,HIGGINS,,
3000970,Heather,Boja-Bates,,
